epoch,seg_loss,abs_depth_loss,cavity_loss,dim_loss,vol_loss,total_loss,lr,seg_iou,seg_dice,cavity_mae_cm,abs_depth_mae_cm,plane_dist_mae_m,dim_mae_length_m,dim_mae_width_m,dim_mae_area_m2,vol_reg_mae_L,vol_geo_mae_L,time_s
0,0.9712727814912794,0.4315091242703297,0.0021256322846359885,0.36795061267912393,0.2644539797523369,2.3365942463278775,0.0005,0.630431240888762,0.7733306686948768,2.1725649014115334,45.1400684816498,0.4093421614194132,0.23155466107881714,0.13903000588178646,0.15987074814507152,7.3140328750014305,41.01264837022522,132.96279287338257
1,0.676376863072316,0.09408733823026219,0.0003050851169064117,0.289092275314033,0.2381889249275749,1.2730433742205303,0.001,0.6922679610070384,0.8181540712915016,2.220749482512474,41.1447252849593,0.3430435306565516,0.21533952298841605,0.10961140754830583,0.14505243476474594,8.903873153030872,130.21434169784007,68.60741472244263
2,0.5055948235094548,0.053792410491344846,0.0002071567694959715,0.24601667110497752,0.2002165167747686,0.9595117333034673,0.001,0.6810044361959081,0.810235144574648,1.579665020108223,33.96680392448072,0.3223126755674162,0.2316708383836744,0.1381124249540601,0.16944568586795175,10.57747844606638,486.57197470643445,70.23239135742188
3,0.40849760733544815,0.045621180771073945,0.0001800006839403068,0.23054348366955918,0.18961847069052362,0.8252726942300798,0.0009992740398563063,0.7485895211210664,0.8562209850612923,1.6360573470592499,26.376544255244184,0.26074463372798656,0.20858307040900462,0.0989424237719224,0.1248812405752971,10.823060758411884,122.44728929356064,68.89922714233398
4,0.3562600991378228,0.04468068624070534,0.00015851943059412102,0.22788406225542224,0.18390328902751205,0.765615690499544,0.000997098288791408,0.7538331769940624,0.8596406851945583,2.0766856148838997,25.98859520058244,0.24699803562141154,0.1980216061527876,0.14058062293179518,0.17164605644579398,11.197916232049465,54.18846981657429,68.96415066719055
5,0.32934256580968696,0.04030459145239244,0.0001513475594947522,0.21161383002375556,0.171902775997296,0.707668309410413,0.0009934791286580556,0.7431318823575151,0.8526398832800413,1.6157982870936394,27.420856913531157,0.2247607816560973,0.23669870934603363,0.13396045642217472,0.17789987707311897,11.793006211519241,38.720634188700934,68.27735638618469
6,0.3006994907433787,0.03490432458541666,0.0001303138319599384,0.1993994079530239,0.16455138474702835,0.6523135590056579,0.0009884271750764929,0.7345314092097166,0.8469508309963464,1.1219334788620472,25.240051949444354,0.24093911371832866,0.19657449374069988,0.10662425100974053,0.1269911349937969,9.64157935231924,80.76103703908015,68.2807548046112
7,0.2915306448315581,0.03768548730295152,0.00013652594194960932,0.20756508658329645,0.1593761386272187,0.654291296377778,0.0009819572462970152,0.7684660396792199,0.869076388731345,1.1925256811082363,23.517975540554122,0.2029774804560955,0.19295129858365548,0.11540148751072656,0.14527436030410248,10.00532042235136,45.184707360503346,68.33145952224731
8,0.27308417515208316,0.03003486923019712,0.00012040709649833538,0.17614559611926478,0.1353594472166151,0.577099638680617,0.0009740883197354872,0.7614449392104868,0.8645685394535022,1.2483669444918633,26.462547075079623,0.2276629528166841,0.18210593199559047,0.10761041707482703,0.1235150785220251,9.072248823940754,66.38229536314347,68.20148038864136
9,0.2645070400709907,0.031108046377388135,0.00012057443700541624,0.1805715194592873,0.14102609956171364,0.5779282798369727,0.0009648434763093118,0.7723740080475352,0.871570001072618,1.1332147754728794,23.49729166764269,0.2162854259807917,0.18771542764942564,0.10717827293248938,0.11506938394254551,9.090099483728409,55.339602497892045,69.25881385803223
10,0.25011083421607805,0.03237462422112004,0.00011596505123634415,0.18761076576386887,0.14434067350036153,0.5747571463386217,0.0009542498327371238,0.8018078770077697,0.8900037426180174,1.0968782007694244,19.61547522754491,0.17961383290774605,0.16914436835575128,0.09285895587656486,0.11113916718184443,8.746261708438396,7.873820009489959,68.79556250572205
11,0.2508642595882217,0.03189647174440324,0.00010750018032013035,0.16964397936438522,0.12962505667625615,0.5492212089399495,0.0009423384620007814,0.7709641596802431,0.8706716682729985,1.0772834531962872,21.65706972073055,0.20108354832563005,0.18884199476851982,0.11959436075161058,0.1239666722230962,7.982968352735043,7.812528639271404,67.91785168647766
12,0.23817993700504306,0.029767320995839924,0.00010557100047966135,0.16382878196115291,0.10851735400501637,0.5159076085935037,0.0009291443022029567,0.7762101328590227,0.8740070991596244,1.1791029013693333,21.440306703432153,0.21938806324726157,0.16230738181391827,0.0953124871838632,0.10240504804925903,7.414442021399736,14.152019629640163,68.19273066520691
13,0.24079406571884956,0.030331112774244197,0.00010440190590088604,0.1616340532588462,0.12336765016273905,0.5248785701890786,0.0009147060540876609,0.7923859088614307,0.8841688666976572,1.0495064780116081,23.767904305637813,0.21844763225131325,0.162699896598423,0.09408026317279779,0.10543054346595654,7.993381470441818,35.25662730825737,68.02831768989563
14,0.22412859151760736,0.02856646128930151,0.00010406517412775428,0.15782945579849184,0.11618214665213603,0.49728610428671044,0.0008990660675242937,0.7795458709563137,0.8761177597938422,1.0220611467957497,18.62153084796123,0.16852945285677454,0.15585885873889108,0.08726612128894591,0.10139716253808571,8.142895065248013,11.805715570723644,67.89106678962708
15,0.21256636579831437,0.024937409829969198,9.890132757088091e-05,0.1379257113051911,0.09538260598977409,0.44815710124870134,0.0008822702172881801,0.7802386635200949,0.8765551265775975,1.221270952373743,21.219470426270195,0.20471326868382578,0.17544233050733996,0.09191831712580906,0.10582814296520097,9.329119697213173,18.220136466332185,68.09985113143921
16,0.21041235296676558,0.025261464877985418,0.00010006585557675862,0.1413577168714255,0.1129647632769775,0.45887544254461915,0.0008643677685019498,0.7836329298199511,0.8786930502556431,1.0699870996177197,26.727995357760495,0.25543160767042916,0.19491856922800985,0.11471551277438304,0.14889036923974894,10.438035242259502,20.411353760554732,67.91610836982727
17,0.20380296185612679,0.02371190319536254,9.612232444548378e-05,0.12885221854473156,0.09170557940766834,0.426027895261844,0.0008454112321324446,0.7733273766708008,0.8721766627464194,1.1317218653857708,19.094813079839764,0.16934948269409175,0.14569766321036695,0.08272544110182749,0.09566306557050343,8.924128487706184,12.976119811888335,71.4959864616394
18,0.20328506206472718,0.022363556548953063,9.234915053942434e-05,0.1272156964987516,0.09078361080416167,0.4207120233525832,0.0008254562109670047,0.7691783500211213,0.869531723595802,1.0310075245797634,20.197428640866224,0.17454152790635702,0.14886507003286956,0.08877628440813394,0.10223094724622729,8.060372434556484,25.898397803172564,72.69324970245361
19,0.19658868480473754,0.021218819698939722,9.494982873548e-05,0.13034518808126452,0.08841402473626658,0.4136734747638306,0.0008045612365209138,0.7759757205287249,0.8738584785356295,1.1017289012670517,20.03574923043724,0.16937059521246475,0.15290523745881507,0.08753411277232039,0.10308686447618637,9.434077888727188,12.365835163584258,68.13307571411133
20,0.19091453962028024,0.021869067257891093,9.25035032347902e-05,0.12780830822885034,0.08936388274499525,0.40723542993267375,0.0007827875973543792,0.7724662898987575,0.8716287517579592,1.0801807045936584,20.00544667043131,0.17301562759942016,0.14684232867452018,0.09593618123820231,0.10664398245187583,9.10236407071352,15.260471752009243,68.44507646560669
21,0.19237042901416618,0.019226376976196963,8.743267183793554e-05,0.11597220871287085,0.0855634520703461,0.38966455124318605,0.0007601991593026258,0.7773134358554536,0.8747060818581145,1.049902755767107,19.11255573659739,0.15679545292180644,0.15219351131498093,0.09000615092306175,0.10137486298909353,8.538148365914822,19.774872340103613,67.98798704147339
22,0.1878508233154813,0.02108584817809363,8.863696621119746e-05,0.11552049747357768,0.0902388885151595,0.39075110045572126,0.0007368621781463962,0.7868559080336467,0.8807155680499674,1.074699591845274,19.984587689621886,0.1709831968321632,0.1596497537682993,0.0849387315283503,0.10810134391461583,8.84169153869152,17.563585964391834,68.11833953857422
23,0.18807089235633614,0.018750892738656454,8.28615116764316e-05,0.09554672194644812,0.06277425365988165,0.35258938930928707,0.000712845105272331,0.7956833700337778,0.8862178971104583,1.065067108720541,21.26521892049006,0.18703054026150415,0.15752592148675207,0.08430558193751454,0.10275274619741447,8.494790643453598,27.85040902966421,67.87883186340332
24,0.1766493798544009,0.018376794798920553,8.356992407243527e-05,0.09786651205892366,0.05167555019337063,0.33719082890699303,0.0006882183868932578,0.7954408434248126,0.8860674483794243,1.1064636521041393,19.513182956896674,0.15071552317643397,0.14683897178112382,0.09209955875191601,0.10689770776410985,9.96479019522667,26.446709340901002,68.04316830635071
25,0.17723710043355825,0.022436914645368233,9.150189968446891e-05,0.12380325483779116,0.09534775454085316,0.3936795620247722,0.0006630542574173101,0.7839533779529254,0.8788944684782141,1.0381081141531467,19.23490821699794,0.16645613765441766,0.1434513351846396,0.08383640399949986,0.09907572178660179,8.034982718527317,5.843933489348707,67.56706690788269
