image,split,plane_dist_m
images/test/20250227_141738.jpg,test,0.7187338471412659
images/test/20250227_162618.jpg,test,1.4127525091171265
images/test/20250227_162635.jpg,test,1.1769063472747803
images/test/20250227_162958.jpg,test,0.9248665571212769
images/test/20250227_163022.jpg,test,1.1357561349868774
images/test/20250227_170115.jpg,test,1.2293665409088135
images/test/20250227_170321.jpg,test,0.9442214965820312
images/test/20250227_171126.jpg,test,0.8755582571029663
images/test/20250227_171548.jpg,test,0.5009589195251465
images/test/20250227_171601.jpg,test,1.090222716331482
images/test/20250227_172623.jpg,test,0.7431790232658386
images/test/20250227_172833.jpg,test,1.0239429473876953
images/test/20250227_172837.jpg,test,1.1105711460113525
images/test/20250227_173255.jpg,test,1.2997225522994995
images/test/20250227_173648.jpg,test,0.5959471464157104
images/test/20250227_173957.jpg,test,1.230686068534851
images/test/20250227_174536.jpg,test,0.8733532428741455
images/test/20250227_175029.jpg,test,1.0957258939743042
images/test/20250227_180537.jpg,test,0.8278114199638367
images/test/20250227_183431.jpg,test,1.2508286237716675
images/test/20250227_183800.jpg,test,0.8526287078857422
images/test/20250227_184207.jpg,test,1.3910385370254517
images/test/20250227_185502.jpg,test,0.8165002465248108
images/test/20250227_190012.jpg,test,1.3814326524734497
images/test/20250227_190842.jpg,test,1.4540975093841553
images/test/20250227_192501.jpg,test,0.8451226949691772
images/test/20250305_021453.jpg,test,1.6315982341766357
images/test/20250305_021640.jpg,test,0.9641554355621338
images/test/20250305_022052.jpg,test,1.9004237651824951
images/test/20250305_023142.jpg,test,1.0277554988861084
images/test/20250305_024357.jpg,test,0.8249083757400513
images/test/20250305_031412.jpg,test,0.9265531897544861
images/test/20250305_035753.jpg,test,0.5828983187675476
images/test/20250305_041543.jpg,test,0.9473470449447632
images/test/20250305_042158.jpg,test,0.709525465965271
images/test/20250305_043508.jpg,test,1.5231239795684814
images/test/20250305_043741.jpg,test,1.3358384370803833
images/test/20250305_052509.jpg,test,0.9159927368164062
images/test/20250305_052609.jpg,test,1.030871868133545
images/test/20250305_052731.jpg,test,0.9305785298347473
images/test/20250305_053130.jpg,test,1.0287971496582031
images/test/20250305_053309.jpg,test,1.2809380292892456
images/test/20250305_053421.jpg,test,1.2844926118850708
images/test/20250305_053506.jpg,test,1.1264278888702393
images/test/20250305_053631.jpg,test,1.038299322128296
images/test/20250305_053817.jpg,test,0.9480066299438477
images/test/20250305_053902.jpg,test,0.8679152131080627
images/test/20250305_055220.jpg,test,1.011200189590454
images/test/20250305_055253.jpg,test,0.4800477921962738
images/test/20250305_060414.jpg,test,1.3799071311950684
images/test/20250305_060649.jpg,test,0.6127772927284241
images/test/20250305_061029.jpg,test,0.824303925037384
images/test/20250305_083140.jpg,test,0.8363726139068604
images/test/20250305_095046.jpg,test,0.5545819997787476
images/test/20250305_095343.jpg,test,0.49132251739501953
images/test/20250305_095815.jpg,test,0.4960564076900482
images/test/20250305_095918.jpg,test,0.37719735503196716
images/test/20250305_100402.jpg,test,0.5388572216033936
images/test/20250305_101722.jpg,test,1.3950873613357544
images/test/20250305_101733.jpg,test,0.9883105754852295
images/test/20250305_102838.jpg,test,0.746382474899292
images/test/20250305_102854.jpg,test,0.6057056188583374
images/test/20250305_103950.jpg,test,1.2430263757705688
images/test/20250305_110414.jpg,test,1.0355584621429443
images/test/20250305_110944.jpg,test,0.7934430837631226
images/test/20250305_111241.jpg,test,0.49227175116539
images/test/20250305_111624.jpg,test,0.29892003536224365
images/test/20250305_113508.jpg,test,0.6362934112548828
images/test/20250305_114447.jpg,test,0.4610801637172699
images/test/20250305_114555.jpg,test,0.3369431793689728
images/test/20250305_122203.jpg,test,0.4057527780532837
images/test/20250305_123822.jpg,test,0.7003443241119385
images/test/20250305_123917.jpg,test,0.7923362851142883
images/test/20250305_124338.jpg,test,0.9074878096580505
images/test/20250305_124654.jpg,test,0.7511381506919861
images/test/20250305_124804.jpg,test,1.1525883674621582
images/test/20250305_124827.jpg,test,0.9803738594055176
images/test/20250305_124833.jpg,test,1.1621813774108887
images/test/20250305_125129.jpg,test,0.8526033759117126
images/test/20250305_125220.jpg,test,0.5167611241340637
images/test/20250305_125700.jpg,test,1.299498200416565
images/test/20250305_132656.jpg,test,1.026879072189331
images/test/20250305_132706.jpg,test,1.1487891674041748
images/test/20250305_132930.jpg,test,0.8103524446487427
images/test/20250305_133709.jpg,test,0.43677565455436707
images/test/20250305_134208.jpg,test,0.9888063073158264
images/test/20250305_135009.jpg,test,1.71250319480896
images/test/20250305_135133.jpg,test,0.6353296637535095
images/test/20250305_135259.jpg,test,0.5791857838630676
images/test/20250305_135344.jpg,test,1.9813168048858643
images/test/20250305_135431.jpg,test,0.536615252494812
images/test/20250305_141449.jpg,test,1.0119491815567017
images/test/20250305_142205.jpg,test,0.8513182997703552
images/test/20250305_142518.jpg,test,1.2894306182861328
images/test/20250305_143046.jpg,test,1.0835304260253906
images/test/20250305_143927.jpg,test,0.7015942335128784
images/test/20250305_150029.jpg,test,1.1381522417068481
images/test/20250305_150113.jpg,test,1.7337431907653809
images/test/20250305_150348.jpg,test,1.0650973320007324
images/train/20250227_135438.jpg,train,1.1354764699935913
images/train/20250227_135652.jpg,train,1.322625994682312
images/train/20250227_140407.jpg,train,0.9804747700691223
images/train/20250227_141050.jpg,train,0.7615073919296265
images/train/20250227_141418.jpg,train,0.9972381591796875
images/train/20250227_142113.jpg,train,1.6140302419662476
images/train/20250227_142636.jpg,train,1.2168952226638794
images/train/20250227_142923.jpg,train,0.80214923620224
images/train/20250227_143049.jpg,train,0.7349220514297485
images/train/20250227_143331.jpg,train,0.6260483264923096
images/train/20250227_151014.jpg,train,1.0600451231002808
images/train/20250227_152725.jpg,train,0.9939433336257935
images/train/20250227_152914.jpg,train,1.4495580196380615
images/train/20250227_154005.jpg,train,0.9200650453567505
images/train/20250227_154322.jpg,train,0.915676474571228
images/train/20250227_154522.jpg,train,1.3359936475753784
images/train/20250227_155233.jpg,train,1.017952561378479
images/train/20250227_155737.jpg,train,1.8893320560455322
images/train/20250227_155838.jpg,train,1.9283957481384277
images/train/20250227_161423.jpg,train,0.992876410484314
images/train/20250227_161957.jpg,train,2.275667667388916
images/train/20250227_162352.jpg,train,1.5056308507919312
images/train/20250227_162629.jpg,train,1.159159541130066
images/train/20250227_162651.jpg,train,1.2366585731506348
images/train/20250227_162942.jpg,train,2.247495412826538
images/train/20250227_163015.jpg,train,1.4689911603927612
images/train/20250227_163135.jpg,train,0.9484816193580627
images/train/20250227_163300.jpg,train,1.1382441520690918
images/train/20250227_163440.jpg,train,1.5512361526489258
images/train/20250227_163601.jpg,train,1.524249792098999
images/train/20250227_165206.jpg,train,1.4795249700546265
images/train/20250227_165450.jpg,train,1.323002815246582
images/train/20250227_165536.jpg,train,1.3153308629989624
images/train/20250227_165705.jpg,train,1.280430793762207
images/train/20250227_165810.jpg,train,1.2995555400848389
images/train/20250227_165925.jpg,train,0.8650680184364319
images/train/20250227_170024.jpg,train,0.7100889086723328
images/train/20250227_170125.jpg,train,1.1682250499725342
images/train/20250227_170327.jpg,train,0.7899873852729797
images/train/20250227_170438.jpg,train,0.4383498430252075
images/train/20250227_170442.jpg,train,1.2214281558990479
images/train/20250227_170443.jpg,train,0.3877663314342499
images/train/20250227_170538.jpg,train,1.3212026357650757
images/train/20250227_170604.jpg,train,0.6784695386886597
images/train/20250227_170611.jpg,train,0.8013511896133423
images/train/20250227_170622.jpg,train,0.7804368138313293
images/train/20250227_170624.jpg,train,0.8486085534095764
images/train/20250227_170710.jpg,train,0.8764887452125549
images/train/20250227_170729.jpg,train,0.7120608687400818
images/train/20250227_170736.jpg,train,0.7073880434036255
images/train/20250227_170828.jpg,train,0.5589235424995422
images/train/20250227_170837.jpg,train,0.4993668794631958
images/train/20250227_170852.jpg,train,2.235130548477173
images/train/20250227_170934.jpg,train,0.7286601662635803
images/train/20250227_170945.jpg,train,0.6412842869758606
images/train/20250227_171023.jpg,train,1.3071527481079102
images/train/20250227_171035.jpg,train,0.8548433184623718
images/train/20250227_171044.jpg,train,1.6559665203094482
images/train/20250227_171154.jpg,train,0.9384389519691467
images/train/20250227_171430.jpg,train,0.8695015907287598
images/train/20250227_171441.jpg,train,0.9509202837944031
images/train/20250227_171506.jpg,train,0.8666119575500488
images/train/20250227_171513.jpg,train,0.9634540677070618
images/train/20250227_171518.jpg,train,0.7202362418174744
images/train/20250227_171539.jpg,train,0.5588467121124268
images/train/20250227_171606.jpg,train,1.1955060958862305
images/train/20250227_171856.jpg,train,1.4190887212753296
images/train/20250227_172052.jpg,train,1.1957200765609741
images/train/20250227_172520.jpg,train,0.8573717474937439
images/train/20250227_172528.jpg,train,1.674584150314331
images/train/20250227_172615.jpg,train,0.6818268299102783
images/train/20250227_172620.jpg,train,0.7079018950462341
images/train/20250227_172633.jpg,train,0.735640823841095
images/train/20250227_172639.jpg,train,0.7007077932357788
images/train/20250227_172731.jpg,train,0.6731745004653931
images/train/20250227_172840.jpg,train,1.2073841094970703
images/train/20250227_173016.jpg,train,0.8591845631599426
images/train/20250227_173136.jpg,train,1.1354284286499023
images/train/20250227_173306.jpg,train,1.3484032154083252
images/train/20250227_173312.jpg,train,0.7877289652824402
images/train/20250227_173336.jpg,train,1.460790753364563
images/train/20250227_174003.jpg,train,1.2233935594558716
images/train/20250227_174013.jpg,train,0.8195385336875916
images/train/20250227_174024.jpg,train,1.0150926113128662
images/train/20250227_174035.jpg,train,1.1946333646774292
images/train/20250227_174047.jpg,train,1.4281842708587646
images/train/20250227_174138.jpg,train,1.1236976385116577
images/train/20250227_174207.jpg,train,1.218116283416748
images/train/20250227_174526.jpg,train,1.3281532526016235
images/train/20250227_174609.jpg,train,0.696603536605835
images/train/20250227_174614.jpg,train,1.2548147439956665
images/train/20250227_174723.jpg,train,0.6560565233230591
images/train/20250227_174724.jpg,train,1.5357372760772705
images/train/20250227_174810.jpg,train,0.8055804371833801
images/train/20250227_174815.jpg,train,1.3556873798370361
images/train/20250227_174819.jpg,train,1.3724400997161865
images/train/20250227_174930.jpg,train,0.936880350112915
images/train/20250227_175001.jpg,train,0.9731655120849609
images/train/20250227_175013.jpg,train,1.1567221879959106
images/train/20250227_175021.jpg,train,1.04117751121521
images/train/20250227_175036.jpg,train,0.9336735010147095
images/train/20250227_175049.jpg,train,1.5115065574645996
images/train/20250227_175101.jpg,train,1.410856008529663
images/train/20250227_175202.jpg,train,1.2782692909240723
images/train/20250227_175216.jpg,train,1.2132151126861572
images/train/20250227_175237.jpg,train,0.9427766799926758
images/train/20250227_175242.jpg,train,0.8519388437271118
images/train/20250227_175304.jpg,train,1.0458135604858398
images/train/20250227_175621.jpg,train,1.7687067985534668
images/train/20250227_175724.jpg,train,0.7438000440597534
images/train/20250227_175817.jpg,train,1.739279866218567
images/train/20250227_180039.jpg,train,1.3899562358856201
images/train/20250227_180158.jpg,train,0.9797201752662659
images/train/20250227_180624.jpg,train,1.3062185049057007
images/train/20250227_180722.jpg,train,1.002714991569519
images/train/20250227_181001.jpg,train,0.8214067220687866
images/train/20250227_181024.jpg,train,0.6177396774291992
images/train/20250227_181028.jpg,train,0.45839545130729675
images/train/20250227_181033.jpg,train,0.580207347869873
images/train/20250227_182647.jpg,train,1.1504324674606323
images/train/20250227_182730.jpg,train,1.1809906959533691
images/train/20250227_182812.jpg,train,1.2389984130859375
images/train/20250227_182831.jpg,train,0.7201287746429443
images/train/20250227_183114.jpg,train,1.014526605606079
images/train/20250227_183214.jpg,train,1.4487553834915161
images/train/20250227_183313.jpg,train,1.2906813621520996
images/train/20250227_183322.jpg,train,1.0167070627212524
images/train/20250227_183509.jpg,train,1.213335394859314
images/train/20250227_183734.jpg,train,1.1582447290420532
images/train/20250227_183846.jpg,train,1.0936424732208252
images/train/20250227_184048.jpg,train,1.598527193069458
images/train/20250227_184349.jpg,train,1.491945505142212
images/train/20250227_184422.jpg,train,1.4359208345413208
images/train/20250227_184521.jpg,train,0.8910161852836609
images/train/20250227_184542.jpg,train,1.2851725816726685
images/train/20250227_184609.jpg,train,1.1578543186187744
images/train/20250227_184651.jpg,train,0.8301321268081665
images/train/20250227_184856.jpg,train,1.296879768371582
images/train/20250227_184930.jpg,train,0.793942391872406
images/train/20250227_184938.jpg,train,1.5053496360778809
images/train/20250227_185027.jpg,train,1.2591640949249268
images/train/20250227_185038.jpg,train,0.9286656975746155
images/train/20250227_185112.jpg,train,0.5482405424118042
images/train/20250227_185125.jpg,train,1.3177839517593384
images/train/20250227_185135.jpg,train,1.289368987083435
images/train/20250227_185200.jpg,train,1.4476217031478882
images/train/20250227_185221.jpg,train,0.544064998626709
images/train/20250227_185245.jpg,train,0.3124849796295166
images/train/20250227_185259.jpg,train,0.39514392614364624
images/train/20250227_185309.jpg,train,0.39255204796791077
images/train/20250227_185330.jpg,train,0.7162166237831116
images/train/20250227_185340.jpg,train,0.4632335305213928
images/train/20250227_185350.jpg,train,1.0039852857589722
images/train/20250227_185406.jpg,train,1.2345467805862427
images/train/20250227_185425.jpg,train,1.113446593284607
images/train/20250227_185437.jpg,train,0.9255478382110596
images/train/20250227_185446.jpg,train,0.67673659324646
images/train/20250227_185450.jpg,train,0.5924311280250549
images/train/20250227_185523.jpg,train,0.8062582612037659
images/train/20250227_185544.jpg,train,1.2477757930755615
images/train/20250227_185556.jpg,train,0.8741661310195923
images/train/20250227_185615.jpg,train,0.9865992665290833
images/train/20250227_185645.jpg,train,0.8714285492897034
images/train/20250227_185703.jpg,train,1.11674165725708
images/train/20250227_190027.jpg,train,0.8950875401496887
images/train/20250227_190037.jpg,train,0.9367496967315674
images/train/20250227_190104.jpg,train,1.1115549802780151
images/train/20250227_190125.jpg,train,0.7777847647666931
images/train/20250227_190146.jpg,train,0.7958853244781494
images/train/20250227_190423.jpg,train,1.0107992887496948
images/train/20250227_190508.jpg,train,1.0777353048324585
images/train/20250227_190531.jpg,train,1.0428086519241333
images/train/20250227_190609.jpg,train,0.9827848672866821
images/train/20250227_190626.jpg,train,0.7572323679924011
images/train/20250227_190929.jpg,train,0.5832869410514832
images/train/20250227_191936.jpg,train,0.9769492149353027
images/train/20250227_192043.jpg,train,1.1797593832015991
images/train/20250305_021140.jpg,train,0.7709235548973083
images/train/20250305_021257.jpg,train,1.4097927808761597
images/train/20250305_021805.jpg,train,1.2618813514709473
images/train/20250305_021844.jpg,train,0.9819853901863098
images/train/20250305_022135.jpg,train,1.1555167436599731
images/train/20250305_022251.jpg,train,0.9484150409698486
images/train/20250305_022335.jpg,train,1.0995051860809326
images/train/20250305_022608.jpg,train,0.6780722737312317
images/train/20250305_023916.jpg,train,0.6453714966773987
images/train/20250305_024047.jpg,train,1.0402859449386597
images/train/20250305_024332.jpg,train,0.5944954752922058
images/train/20250305_024625.jpg,train,0.5057534575462341
images/train/20250305_024941.jpg,train,0.9666792154312134
images/train/20250305_025000.jpg,train,1.188030481338501
images/train/20250305_025031.jpg,train,0.7204279899597168
images/train/20250305_025744.jpg,train,0.7809543609619141
images/train/20250305_031236.jpg,train,0.6230201125144958
images/train/20250305_031258.jpg,train,0.5855862498283386
images/train/20250305_031304.jpg,train,0.5632440447807312
images/train/20250305_031324.jpg,train,0.6370005011558533
images/train/20250305_031353.jpg,train,1.0058338642120361
images/train/20250305_031407.jpg,train,1.1312085390090942
images/train/20250305_031608.jpg,train,0.6744362711906433
images/train/20250305_034016.jpg,train,0.8718312978744507
images/train/20250305_034055.jpg,train,0.790179431438446
images/train/20250305_034145.jpg,train,0.8164442777633667
images/train/20250305_034328.jpg,train,1.3090951442718506
images/train/20250305_034515.jpg,train,0.8877303004264832
images/train/20250305_034602.jpg,train,0.9754818081855774
images/train/20250305_034719.jpg,train,0.889202356338501
images/train/20250305_034917.jpg,train,1.1078906059265137
images/train/20250305_034930.jpg,train,1.0629220008850098
images/train/20250305_035042.jpg,train,1.0244368314743042
images/train/20250305_035108.jpg,train,1.240350604057312
images/train/20250305_035126.jpg,train,1.2106677293777466
images/train/20250305_035536.jpg,train,0.825838029384613
images/train/20250305_035554.jpg,train,0.7366509437561035
images/train/20250305_035709.jpg,train,0.5956100225448608
images/train/20250305_040307.jpg,train,0.9334256052970886
images/train/20250305_040438.jpg,train,1.3669037818908691
images/train/20250305_041341.jpg,train,1.210518479347229
images/train/20250305_041507.jpg,train,0.7914659976959229
images/train/20250305_041524.jpg,train,1.0033260583877563
images/train/20250305_041534.jpg,train,0.9184474945068359
images/train/20250305_041605.jpg,train,0.8310469388961792
images/train/20250305_041840.jpg,train,0.8763881325721741
images/train/20250305_042307.jpg,train,0.6769205927848816
images/train/20250305_042433.jpg,train,0.2956252098083496
images/train/20250305_042445.jpg,train,0.5011200904846191
images/train/20250305_042621.jpg,train,0.9274494051933289
images/train/20250305_042726.jpg,train,0.6090619564056396
images/train/20250305_042743.jpg,train,0.6782224178314209
images/train/20250305_042846.jpg,train,0.6440480351448059
images/train/20250305_042951.jpg,train,0.5610684156417847
images/train/20250305_043049.jpg,train,0.515348494052887
images/train/20250305_043324.jpg,train,0.829042911529541
images/train/20250305_043451.jpg,train,1.280662178993225
images/train/20250305_043712.jpg,train,1.2918834686279297
images/train/20250305_043724.jpg,train,1.4531149864196777
images/train/20250305_043734.jpg,train,1.468870759010315
images/train/20250305_043912.jpg,train,1.4270492792129517
images/train/20250305_045139.jpg,train,1.1350632905960083
images/train/20250305_045148.jpg,train,0.9445507526397705
images/train/20250305_045156.jpg,train,0.6817913055419922
images/train/20250305_045213.jpg,train,0.6473044753074646
images/train/20250305_045321.jpg,train,0.7450891137123108
images/train/20250305_045413.jpg,train,0.5273655652999878
images/train/20250305_045439.jpg,train,0.4909190833568573
images/train/20250305_045702.jpg,train,1.4056332111358643
images/train/20250305_045711.jpg,train,0.9393965005874634
images/train/20250305_045716.jpg,train,0.9592185020446777
images/train/20250305_045719.jpg,train,1.1600404977798462
images/train/20250305_045744.jpg,train,0.8758282661437988
images/train/20250305_045812.jpg,train,0.6728646159172058
images/train/20250305_045853.jpg,train,0.4417957067489624
images/train/20250305_045928.jpg,train,0.8256190419197083
images/train/20250305_045931.jpg,train,0.768353283405304
images/train/20250305_045952.jpg,train,0.49824804067611694
images/train/20250305_050031.jpg,train,0.6955474615097046
images/train/20250305_050128.jpg,train,0.6619061231613159
images/train/20250305_050151.jpg,train,0.40957024693489075
images/train/20250305_050349.jpg,train,0.867747962474823
images/train/20250305_050357.jpg,train,0.792953610420227
images/train/20250305_050424.jpg,train,0.5531090497970581
images/train/20250305_050527.jpg,train,1.199383020401001
images/train/20250305_050811.jpg,train,0.9672722220420837
images/train/20250305_050817.jpg,train,1.0818816423416138
images/train/20250305_050841.jpg,train,1.0574756860733032
images/train/20250305_051101.jpg,train,0.3864743411540985
images/train/20250305_052012.jpg,train,1.3883806467056274
images/train/20250305_052031.jpg,train,1.278016448020935
images/train/20250305_052046.jpg,train,0.92950838804245
images/train/20250305_052209.jpg,train,1.1055536270141602
images/train/20250305_052348.jpg,train,0.6393319368362427
images/train/20250305_052412.jpg,train,0.8927798271179199
images/train/20250305_052417.jpg,train,0.9662615060806274
images/train/20250305_052425.jpg,train,0.942124605178833
images/train/20250305_052434.jpg,train,0.8486090302467346
images/train/20250305_052438.jpg,train,0.7104908227920532
images/train/20250305_052507.jpg,train,1.0478880405426025
images/train/20250305_052514.jpg,train,0.7325939536094666
images/train/20250305_052530.jpg,train,0.6994564533233643
images/train/20250305_052544.jpg,train,1.2636148929595947
images/train/20250305_052623.jpg,train,0.9984394311904907
images/train/20250305_052703.jpg,train,1.1664093732833862
images/train/20250305_052726.jpg,train,1.9178770780563354
images/train/20250305_052830.jpg,train,0.959119975566864
images/train/20250305_052837.jpg,train,1.2417610883712769
images/train/20250305_052911.jpg,train,1.0025838613510132
images/train/20250305_052959.jpg,train,1.2036795616149902
images/train/20250305_053002.jpg,train,1.3187627792358398
images/train/20250305_053008.jpg,train,1.3784911632537842
images/train/20250305_053034.jpg,train,1.4203777313232422
images/train/20250305_053041.jpg,train,1.0102969408035278
images/train/20250305_053058.jpg,train,1.0238914489746094
images/train/20250305_053112.jpg,train,1.1053472757339478
images/train/20250305_053221.jpg,train,0.7649747133255005
images/train/20250305_053230.jpg,train,1.3556448221206665
images/train/20250305_053246.jpg,train,0.7744422554969788
images/train/20250305_053324.jpg,train,1.0241237878799438
images/train/20250305_053332.jpg,train,0.8326151371002197
images/train/20250305_053447.jpg,train,1.0237160921096802
images/train/20250305_053503.jpg,train,1.1763455867767334
images/train/20250305_053526.jpg,train,1.4240601062774658
images/train/20250305_053543.jpg,train,1.144478440284729
images/train/20250305_053551.jpg,train,0.8447428941726685
images/train/20250305_053555.jpg,train,0.998803973197937
images/train/20250305_053624.jpg,train,1.0256184339523315
images/train/20250305_053636.jpg,train,0.9467291831970215
images/train/20250305_053651.jpg,train,0.8961710929870605
images/train/20250305_053657.jpg,train,1.503548502922058
images/train/20250305_053709.jpg,train,1.0314428806304932
images/train/20250305_053732.jpg,train,0.943199872970581
images/train/20250305_053753.jpg,train,1.1703846454620361
images/train/20250305_053803.jpg,train,0.7858893871307373
images/train/20250305_053910.jpg,train,0.9227113127708435
images/train/20250305_053919.jpg,train,1.0238382816314697
images/train/20250305_053937.jpg,train,0.94022536277771
images/train/20250305_054000.jpg,train,0.8538365364074707
images/train/20250305_054019.jpg,train,1.0329359769821167
images/train/20250305_054030.jpg,train,0.6745948791503906
images/train/20250305_054104.jpg,train,0.6702731847763062
images/train/20250305_054116.jpg,train,0.6757738590240479
images/train/20250305_054140.jpg,train,1.2208318710327148
images/train/20250305_054144.jpg,train,0.6901311874389648
images/train/20250305_054159.jpg,train,0.9874746203422546
images/train/20250305_054214.jpg,train,0.4989457130432129
images/train/20250305_054221.jpg,train,0.8388918042182922
images/train/20250305_054319.jpg,train,0.7793112993240356
images/train/20250305_054335.jpg,train,1.123143196105957
images/train/20250305_054557.jpg,train,1.1702667474746704
images/train/20250305_054618.jpg,train,1.1299480199813843
images/train/20250305_054625.jpg,train,1.2458115816116333
images/train/20250305_054700.jpg,train,1.4677635431289673
images/train/20250305_054719.jpg,train,1.1842029094696045
images/train/20250305_054753.jpg,train,0.869448184967041
images/train/20250305_054809.jpg,train,0.6377659440040588
images/train/20250305_054850.jpg,train,1.0524712800979614
images/train/20250305_054900.jpg,train,1.8189969062805176
images/train/20250305_054917.jpg,train,0.6439403295516968
images/train/20250305_054930.jpg,train,0.6488201022148132
images/train/20250305_054953.jpg,train,0.6289879083633423
images/train/20250305_054958.jpg,train,1.1309648752212524
images/train/20250305_055009.jpg,train,0.8773476481437683
images/train/20250305_055020.jpg,train,0.7194874286651611
images/train/20250305_055112.jpg,train,1.0974622964859009
images/train/20250305_055147.jpg,train,0.8802391290664673
images/train/20250305_055152.jpg,train,1.2088346481323242
images/train/20250305_055210.jpg,train,1.0326473712921143
images/train/20250305_055230.jpg,train,0.6565077900886536
images/train/20250305_055243.jpg,train,0.681669294834137
images/train/20250305_055325.jpg,train,1.2525867223739624
images/train/20250305_055425.jpg,train,0.8624790906906128
images/train/20250305_055452.jpg,train,1.5640243291854858
images/train/20250305_055524.jpg,train,0.3453770875930786
images/train/20250305_055645.jpg,train,1.176835298538208
images/train/20250305_055711.jpg,train,1.5398309230804443
images/train/20250305_055718.jpg,train,1.1522767543792725
images/train/20250305_055727.jpg,train,1.265397548675537
images/train/20250305_055733.jpg,train,1.1929174661636353
images/train/20250305_055810.jpg,train,1.5567059516906738
images/train/20250305_055906.jpg,train,0.6637048125267029
images/train/20250305_055944.jpg,train,1.450210690498352
images/train/20250305_055950.jpg,train,0.829730749130249
images/train/20250305_060007.jpg,train,0.896400511264801
images/train/20250305_060013.jpg,train,0.6999534964561462
images/train/20250305_060025.jpg,train,1.3713449239730835
images/train/20250305_060110.jpg,train,1.4186739921569824
images/train/20250305_060113.jpg,train,0.7487701177597046
images/train/20250305_060116.jpg,train,0.6880085468292236
images/train/20250305_060130.jpg,train,1.0922551155090332
images/train/20250305_060138.jpg,train,0.8348690271377563
images/train/20250305_060155.jpg,train,1.0421741008758545
images/train/20250305_060227.jpg,train,0.8102527260780334
images/train/20250305_060250.jpg,train,1.1048309803009033
images/train/20250305_060459.jpg,train,0.7208037376403809
images/train/20250305_060535.jpg,train,0.9167196750640869
images/train/20250305_060539.jpg,train,0.7897736430168152
images/train/20250305_060604.jpg,train,0.983562707901001
images/train/20250305_060721.jpg,train,1.3991825580596924
images/train/20250305_060729.jpg,train,1.6142841577529907
images/train/20250305_060928.jpg,train,1.0171862840652466
images/train/20250305_060935.jpg,train,0.6921737194061279
images/train/20250305_061043.jpg,train,0.702558159828186
images/train/20250305_061103.jpg,train,0.9535208344459534
images/train/20250305_061139.jpg,train,1.275395393371582
images/train/20250305_061208.jpg,train,0.8403048515319824
images/train/20250305_061250.jpg,train,0.9278307557106018
images/train/20250305_061303.jpg,train,1.0793534517288208
images/train/20250305_061313.jpg,train,0.9359274506568909
images/train/20250305_061340.jpg,train,0.9316056966781616
images/train/20250305_061347.jpg,train,0.9773434996604919
images/train/20250305_061439.jpg,train,1.6415205001831055
images/train/20250305_061843.jpg,train,1.2144644260406494
images/train/20250305_062157.jpg,train,1.159416675567627
images/train/20250305_062228.jpg,train,1.055903673171997
images/train/20250305_062247.jpg,train,0.8175140023231506
images/train/20250305_062512.jpg,train,1.6406079530715942
images/train/20250305_062739.jpg,train,0.5794790983200073
images/train/20250305_063106.jpg,train,0.8466324210166931
images/train/20250305_064858.jpg,train,0.5052005052566528
images/train/20250305_073146.jpg,train,0.8868492841720581
images/train/20250305_073152.jpg,train,0.7854809761047363
images/train/20250305_073411.jpg,train,0.9368429183959961
images/train/20250305_073451.jpg,train,0.696553111076355
images/train/20250305_073910.jpg,train,1.0405882596969604
images/train/20250305_074333.jpg,train,0.6210176944732666
images/train/20250305_074406.jpg,train,0.5448342561721802
images/train/20250305_074604.jpg,train,0.7361508011817932
images/train/20250305_074621.jpg,train,0.8023198843002319
images/train/20250305_074730.jpg,train,0.4471440017223358
images/train/20250305_074929.jpg,train,0.482578843832016
images/train/20250305_075013.jpg,train,0.4441657066345215
images/train/20250305_075513.jpg,train,0.6349133849143982
images/train/20250305_080122.jpg,train,0.48726099729537964
images/train/20250305_080503.jpg,train,0.4716040790081024
images/train/20250305_081241.jpg,train,0.46549978852272034
images/train/20250305_081309.jpg,train,0.9354579448699951
images/train/20250305_081500.jpg,train,0.47647935152053833
images/train/20250305_082258.jpg,train,0.7073012590408325
images/train/20250305_082631.jpg,train,0.38743868470191956
images/train/20250305_082847.jpg,train,0.5446038842201233
images/train/20250305_082854.jpg,train,0.6170676350593567
images/train/20250305_082909.jpg,train,0.5240216851234436
images/train/20250305_082924.jpg,train,0.618990421295166
images/train/20250305_083300.jpg,train,0.42507901787757874
images/train/20250305_083506.jpg,train,0.6231608986854553
images/train/20250305_083530.jpg,train,0.40134480595588684
images/train/20250305_084055.jpg,train,0.9191360473632812
images/train/20250305_084405.jpg,train,0.564724862575531
images/train/20250305_084430.jpg,train,0.6530938148498535
images/train/20250305_084512.jpg,train,0.5819841623306274
images/train/20250305_084522.jpg,train,0.5156988501548767
images/train/20250305_084627.jpg,train,0.6178529858589172
images/train/20250305_084706.jpg,train,0.3325461149215698
images/train/20250305_084720.jpg,train,0.3677781820297241
images/train/20250305_084828.jpg,train,0.4073321521282196
images/train/20250305_085116.jpg,train,0.6527882218360901
images/train/20250305_093835.jpg,train,0.31486037373542786
images/train/20250305_093851.jpg,train,0.3327315151691437
images/train/20250305_093858.jpg,train,0.5948998332023621
images/train/20250305_093910.jpg,train,0.6174786686897278
images/train/20250305_093918.jpg,train,0.4126978814601898
images/train/20250305_093956.jpg,train,0.5935845375061035
images/train/20250305_094344.jpg,train,0.39199239015579224
images/train/20250305_094446.jpg,train,0.28651314973831177
images/train/20250305_094506.jpg,train,0.3832813799381256
images/train/20250305_094539.jpg,train,0.3508785367012024
images/train/20250305_094551.jpg,train,0.39441511034965515
images/train/20250305_094613.jpg,train,0.28102216124534607
images/train/20250305_094627.jpg,train,0.3314287066459656
images/train/20250305_094638.jpg,train,0.37490159273147583
images/train/20250305_094802.jpg,train,0.5653774738311768
images/train/20250305_095102.jpg,train,0.5734079480171204
images/train/20250305_095140.jpg,train,1.1021074056625366
images/train/20250305_095310.jpg,train,0.7072141766548157
images/train/20250305_095314.jpg,train,0.5000919699668884
images/train/20250305_095320.jpg,train,0.42147713899612427
images/train/20250305_095332.jpg,train,0.5756973028182983
images/train/20250305_095338.jpg,train,0.6896407008171082
images/train/20250305_095359.jpg,train,0.3118545413017273
images/train/20250305_095421.jpg,train,1.0977858304977417
images/train/20250305_095515.jpg,train,0.46475884318351746
images/train/20250305_095743.jpg,train,0.5972599387168884
images/train/20250305_095750.jpg,train,0.7521792650222778
images/train/20250305_095805.jpg,train,0.3469279706478119
images/train/20250305_095823.jpg,train,0.44060829281806946
images/train/20250305_095829.jpg,train,0.6038759350776672
images/train/20250305_095841.jpg,train,0.7084182500839233
images/train/20250305_095858.jpg,train,0.5057658553123474
images/train/20250305_095911.jpg,train,0.4572463035583496
images/train/20250305_095915.jpg,train,0.34609830379486084
images/train/20250305_095921.jpg,train,0.40723127126693726
images/train/20250305_095928.jpg,train,0.4738854467868805
images/train/20250305_095934.jpg,train,0.3613808751106262
images/train/20250305_095946.jpg,train,0.3036922812461853
images/train/20250305_100002.jpg,train,0.38146594166755676
images/train/20250305_100015.jpg,train,0.522926926612854
images/train/20250305_100020.jpg,train,0.7055109739303589
images/train/20250305_100027.jpg,train,0.5457885265350342
images/train/20250305_100053.jpg,train,0.4202306568622589
images/train/20250305_100109.jpg,train,0.4771171808242798
images/train/20250305_100120.jpg,train,0.3430134952068329
images/train/20250305_100125.jpg,train,0.3818889856338501
images/train/20250305_100138.jpg,train,0.3526556193828583
images/train/20250305_100147.jpg,train,0.4177296459674835
images/train/20250305_100408.jpg,train,0.7604104280471802
images/train/20250305_100717.jpg,train,0.6829729080200195
images/train/20250305_100728.jpg,train,0.4733744263648987
images/train/20250305_100804.jpg,train,0.6785532236099243
images/train/20250305_100858.jpg,train,0.5924155712127686
images/train/20250305_101458.jpg,train,0.5918715596199036
images/train/20250305_101534.jpg,train,0.4422645568847656
images/train/20250305_101600.jpg,train,0.6762108206748962
images/train/20250305_101703.jpg,train,0.5788110494613647
images/train/20250305_101800.jpg,train,0.5610601902008057
images/train/20250305_102058.jpg,train,0.5540403127670288
images/train/20250305_102121.jpg,train,0.45790258049964905
images/train/20250305_102128.jpg,train,0.8180939555168152
images/train/20250305_102150.jpg,train,0.4806438088417053
images/train/20250305_102237.jpg,train,0.9440217018127441
images/train/20250305_102338.jpg,train,0.2948991060256958
images/train/20250305_102346.jpg,train,0.46178439259529114
images/train/20250305_102506.jpg,train,0.8311599493026733
images/train/20250305_102814.jpg,train,0.4902452826499939
images/train/20250305_102845.jpg,train,0.7159746885299683
images/train/20250305_102923.jpg,train,0.541857898235321
images/train/20250305_102933.jpg,train,0.7366748452186584
images/train/20250305_103013.jpg,train,0.41022250056266785
images/train/20250305_103046.jpg,train,0.7733332514762878
images/train/20250305_103310.jpg,train,0.6943668723106384
images/train/20250305_103318.jpg,train,0.6250348091125488
images/train/20250305_103335.jpg,train,0.5972659587860107
images/train/20250305_103343.jpg,train,0.7262781858444214
images/train/20250305_103403.jpg,train,0.5745944976806641
images/train/20250305_103511.jpg,train,0.7653695940971375
images/train/20250305_103552.jpg,train,1.0363513231277466
images/train/20250305_103603.jpg,train,1.090969204902649
images/train/20250305_103915.jpg,train,0.96885746717453
images/train/20250305_103954.jpg,train,0.6204627156257629
images/train/20250305_103958.jpg,train,0.5504418015480042
images/train/20250305_104025.jpg,train,0.781686007976532
images/train/20250305_104035.jpg,train,0.6926201581954956
images/train/20250305_104042.jpg,train,0.7126251459121704
images/train/20250305_110155.jpg,train,1.5248041152954102
images/train/20250305_110328.jpg,train,1.335131287574768
images/train/20250305_110401.jpg,train,0.925469160079956
images/train/20250305_110443.jpg,train,1.430326223373413
images/train/20250305_110516.jpg,train,0.9612019062042236
images/train/20250305_110543.jpg,train,0.5136268734931946
images/train/20250305_110746.jpg,train,0.8476434946060181
images/train/20250305_110800.jpg,train,0.597399115562439
images/train/20250305_110857.jpg,train,0.5331593155860901
images/train/20250305_110948.jpg,train,0.7160187363624573
images/train/20250305_111006.jpg,train,0.5549834966659546
images/train/20250305_111046.jpg,train,0.44255009293556213
images/train/20250305_111454.jpg,train,0.45910945534706116
images/train/20250305_111554.jpg,train,0.3501986265182495
images/train/20250305_111558.jpg,train,0.40550097823143005
images/train/20250305_111602.jpg,train,0.26299479603767395
images/train/20250305_111604.jpg,train,0.26787155866622925
images/train/20250305_111615.jpg,train,0.3306458294391632
images/train/20250305_111636.jpg,train,0.9405739903450012
images/train/20250305_112128.jpg,train,0.6415531635284424
images/train/20250305_112207.jpg,train,0.5004377961158752
images/train/20250305_112253.jpg,train,0.4225243330001831
images/train/20250305_112325.jpg,train,0.5061796307563782
images/train/20250305_113235.jpg,train,0.5942390561103821
images/train/20250305_113238.jpg,train,0.3983094394207001
images/train/20250305_113241.jpg,train,0.34910911321640015
images/train/20250305_113255.jpg,train,0.803153395652771
images/train/20250305_113505.jpg,train,0.7834341526031494
images/train/20250305_113513.jpg,train,0.8902349472045898
images/train/20250305_113609.jpg,train,0.8087019324302673
images/train/20250305_113619.jpg,train,0.6095314621925354
images/train/20250305_113640.jpg,train,0.2888237535953522
images/train/20250305_113647.jpg,train,0.32606109976768494
images/train/20250305_113702.jpg,train,0.41143563389778137
images/train/20250305_113748.jpg,train,0.5466533303260803
images/train/20250305_114119.jpg,train,0.6405661106109619
images/train/20250305_114516.jpg,train,0.8399171829223633
images/train/20250305_114525.jpg,train,0.5389822125434875
images/train/20250305_114530.jpg,train,0.49394720792770386
images/train/20250305_114536.jpg,train,0.3947227895259857
images/train/20250305_114551.jpg,train,0.4921715557575226
images/train/20250305_114604.jpg,train,0.3204694986343384
images/train/20250305_114701.jpg,train,0.7065771818161011
images/train/20250305_114711.jpg,train,0.4596676826477051
images/train/20250305_114841.jpg,train,0.4947071969509125
images/train/20250305_115523.jpg,train,0.728675365447998
images/train/20250305_121222.jpg,train,1.7370808124542236
images/train/20250305_121258.jpg,train,0.8750124573707581
images/train/20250305_121411.jpg,train,0.27357563376426697
images/train/20250305_121446.jpg,train,0.692321240901947
images/train/20250305_121454.jpg,train,0.4117633104324341
images/train/20250305_121500.jpg,train,0.6852489709854126
images/train/20250305_121509.jpg,train,1.554799199104309
images/train/20250305_121553.jpg,train,0.40465855598449707
images/train/20250305_121628.jpg,train,1.4177231788635254
images/train/20250305_122054.jpg,train,1.1036860942840576
images/train/20250305_122119.jpg,train,1.4140163660049438
images/train/20250305_123515.jpg,train,0.9020512700080872
images/train/20250305_123631.jpg,train,1.4500954151153564
images/train/20250305_123648.jpg,train,0.5416638851165771
images/train/20250305_123831.jpg,train,0.7948095798492432
images/train/20250305_123857.jpg,train,0.7174369096755981
images/train/20250305_123923.jpg,train,0.7995992302894592
images/train/20250305_123934.jpg,train,0.8511942625045776
images/train/20250305_124140.jpg,train,0.5679672956466675
images/train/20250305_124219.jpg,train,0.5530539155006409
images/train/20250305_124234.jpg,train,0.5520604252815247
images/train/20250305_124240.jpg,train,0.7255493402481079
images/train/20250305_124252.jpg,train,0.5737332105636597
images/train/20250305_124258.jpg,train,0.6005856394767761
images/train/20250305_124302.jpg,train,0.6940852403640747
images/train/20250305_124307.jpg,train,0.7196123003959656
images/train/20250305_124318.jpg,train,0.6801174879074097
images/train/20250305_124408.jpg,train,0.5633512735366821
images/train/20250305_124504.jpg,train,0.652675986289978
images/train/20250305_124559.jpg,train,0.7811099290847778
images/train/20250305_124603.jpg,train,0.7215487360954285
images/train/20250305_124605.jpg,train,0.6816001534461975
images/train/20250305_124613.jpg,train,0.9136509895324707
images/train/20250305_124623.jpg,train,0.9993190169334412
images/train/20250305_124642.jpg,train,0.6184334754943848
images/train/20250305_124659.jpg,train,0.7812879681587219
images/train/20250305_124703.jpg,train,0.7102896571159363
images/train/20250305_124711.jpg,train,0.7143809795379639
images/train/20250305_124722.jpg,train,0.5170375108718872
images/train/20250305_124726.jpg,train,0.35804253816604614
images/train/20250305_124803.jpg,train,0.38370463252067566
images/train/20250305_124810.jpg,train,0.6991394758224487
images/train/20250305_124818.jpg,train,0.9006977677345276
images/train/20250305_124822.jpg,train,1.1492321491241455
images/train/20250305_124838.jpg,train,0.5107212066650391
images/train/20250305_124840.jpg,train,0.6492040753364563
images/train/20250305_124847.jpg,train,0.49151378870010376
images/train/20250305_124908.jpg,train,0.5582215785980225
images/train/20250305_124909.jpg,train,0.7314636707305908
images/train/20250305_124917.jpg,train,1.4388833045959473
images/train/20250305_124929.jpg,train,0.49279671907424927
images/train/20250305_124933.jpg,train,0.9014086127281189
images/train/20250305_124944.jpg,train,0.680011510848999
images/train/20250305_125111.jpg,train,1.0830587148666382
images/train/20250305_125116.jpg,train,1.1959946155548096
images/train/20250305_125126.jpg,train,0.7286905646324158
images/train/20250305_125139.jpg,train,0.8262116312980652
images/train/20250305_125158.jpg,train,0.573577344417572
images/train/20250305_125219.jpg,train,0.8076623678207397
images/train/20250305_125242.jpg,train,0.554570734500885
images/train/20250305_125247.jpg,train,0.5238694548606873
images/train/20250305_125419.jpg,train,0.8877812623977661
images/train/20250305_125426.jpg,train,0.9167205691337585
images/train/20250305_125548.jpg,train,0.8114409446716309
images/train/20250305_125611.jpg,train,0.5676533579826355
images/train/20250305_125639.jpg,train,0.5021004676818848
images/train/20250305_125749.jpg,train,0.2648846209049225
images/train/20250305_125823.jpg,train,0.2803514301776886
images/train/20250305_125901.jpg,train,0.31528976559638977
images/train/20250305_130544.jpg,train,0.7208071947097778
images/train/20250305_131511.jpg,train,1.1249281167984009
images/train/20250305_131532.jpg,train,0.7487998604774475
images/train/20250305_131541.jpg,train,0.4843042194843292
images/train/20250305_131547.jpg,train,0.678034245967865
images/train/20250305_131640.jpg,train,1.6417323350906372
images/train/20250305_131704.jpg,train,1.272852897644043
images/train/20250305_131720.jpg,train,1.8225409984588623
images/train/20250305_131734.jpg,train,0.7739436030387878
images/train/20250305_131756.jpg,train,1.3931217193603516
images/train/20250305_131813.jpg,train,0.36257240176200867
images/train/20250305_131902.jpg,train,1.007928729057312
images/train/20250305_132143.jpg,train,0.8847252130508423
images/train/20250305_132157.jpg,train,0.5937269330024719
images/train/20250305_132207.jpg,train,0.6365718841552734
images/train/20250305_132212.jpg,train,0.7786741256713867
images/train/20250305_132216.jpg,train,0.6762177348136902
images/train/20250305_132248.jpg,train,1.003612756729126
images/train/20250305_132257.jpg,train,1.091454029083252
images/train/20250305_132340.jpg,train,0.95905601978302
images/train/20250305_132405.jpg,train,0.5093290209770203
images/train/20250305_132505.jpg,train,0.5004953742027283
images/train/20250305_132549.jpg,train,1.149548053741455
images/train/20250305_132557.jpg,train,1.2189216613769531
images/train/20250305_132607.jpg,train,1.9621120691299438
images/train/20250305_132852.jpg,train,0.9369422197341919
images/train/20250305_133001.jpg,train,1.449830412864685
images/train/20250305_133014.jpg,train,0.4401664733886719
images/train/20250305_133018.jpg,train,0.40392690896987915
images/train/20250305_133021.jpg,train,0.8857638239860535
images/train/20250305_133054.jpg,train,0.45529526472091675
images/train/20250305_133059.jpg,train,0.8557301163673401
images/train/20250305_133111.jpg,train,0.887575089931488
images/train/20250305_133525.jpg,train,0.7405978441238403
images/train/20250305_133536.jpg,train,0.6773924231529236
images/train/20250305_133540.jpg,train,0.6350790858268738
images/train/20250305_133543.jpg,train,0.77829509973526
images/train/20250305_133549.jpg,train,0.6106545925140381
images/train/20250305_133606.jpg,train,0.7317541837692261
images/train/20250305_133609.jpg,train,1.7906779050827026
images/train/20250305_133629.jpg,train,0.7655863165855408
images/train/20250305_133633.jpg,train,0.7682989835739136
images/train/20250305_133640.jpg,train,0.5604721903800964
images/train/20250305_133655.jpg,train,2.1523404121398926
images/train/20250305_133703.jpg,train,0.6277721524238586
images/train/20250305_133732.jpg,train,0.6899679899215698
images/train/20250305_133753.jpg,train,1.053497314453125
images/train/20250305_134023.jpg,train,1.5863882303237915
images/train/20250305_134201.jpg,train,0.9786735773086548
images/train/20250305_134211.jpg,train,0.5154019594192505
images/train/20250305_134212.jpg,train,0.7990255355834961
images/train/20250305_134236.jpg,train,0.8143349289894104
images/train/20250305_134243.jpg,train,0.4684905409812927
images/train/20250305_134302.jpg,train,0.87007737159729
images/train/20250305_134331.jpg,train,0.5826956629753113
images/train/20250305_134622.jpg,train,0.6601248979568481
images/train/20250305_134629.jpg,train,0.8260751962661743
images/train/20250305_134713.jpg,train,1.006364107131958
images/train/20250305_134830.jpg,train,0.9763177037239075
images/train/20250305_134958.jpg,train,0.8528399467468262
images/train/20250305_135014.jpg,train,1.175243616104126
images/train/20250305_135029.jpg,train,0.826633632183075
images/train/20250305_135035.jpg,train,1.0166542530059814
images/train/20250305_135042.jpg,train,1.4650394916534424
images/train/20250305_135046.jpg,train,0.3852030336856842
images/train/20250305_135051.jpg,train,0.47465717792510986
images/train/20250305_135057.jpg,train,0.6515710949897766
images/train/20250305_135143.jpg,train,0.6052866578102112
images/train/20250305_135219.jpg,train,0.901762843132019
images/train/20250305_135233.jpg,train,0.9081650376319885
images/train/20250305_135247.jpg,train,1.701623558998108
images/train/20250305_135253.jpg,train,0.6506091952323914
images/train/20250305_135306.jpg,train,0.60684734582901
images/train/20250305_135312.jpg,train,0.7211318016052246
images/train/20250305_135354.jpg,train,2.0871779918670654
images/train/20250305_135425.jpg,train,1.0252668857574463
images/train/20250305_135440.jpg,train,0.4794149100780487
images/train/20250305_135459.jpg,train,1.5318150520324707
images/train/20250305_140109.jpg,train,0.8891746997833252
images/train/20250305_140116.jpg,train,1.3468999862670898
images/train/20250305_140151.jpg,train,0.9458009004592896
images/train/20250305_140155.jpg,train,0.6940568685531616
images/train/20250305_140203.jpg,train,1.2921491861343384
images/train/20250305_140415.jpg,train,0.9326155185699463
images/train/20250305_140423.jpg,train,1.8577395677566528
images/train/20250305_140426.jpg,train,1.5159772634506226
images/train/20250305_140432.jpg,train,1.267398476600647
images/train/20250305_140444.jpg,train,0.6846060752868652
images/train/20250305_140549.jpg,train,0.8872005343437195
images/train/20250305_140801.jpg,train,0.7391491532325745
images/train/20250305_140808.jpg,train,0.8595032095909119
images/train/20250305_140826.jpg,train,1.0689103603363037
images/train/20250305_140851.jpg,train,0.37795010209083557
images/train/20250305_141310.jpg,train,0.7000033259391785
images/train/20250305_141316.jpg,train,0.36480727791786194
images/train/20250305_141439.jpg,train,0.7391098141670227
images/train/20250305_141520.jpg,train,0.42297565937042236
images/train/20250305_141524.jpg,train,0.9316588640213013
images/train/20250305_141551.jpg,train,0.6999359726905823
images/train/20250305_141909.jpg,train,0.8876079320907593
images/train/20250305_141916.jpg,train,1.058111310005188
images/train/20250305_142050.jpg,train,0.6878342628479004
images/train/20250305_142058.jpg,train,0.6365953087806702
images/train/20250305_142107.jpg,train,1.630311369895935
images/train/20250305_142115.jpg,train,0.8233126997947693
images/train/20250305_142139.jpg,train,1.0524052381515503
images/train/20250305_142220.jpg,train,0.8730138540267944
images/train/20250305_142246.jpg,train,0.8811939358711243
images/train/20250305_142301.jpg,train,0.5390310287475586
images/train/20250305_142409.jpg,train,0.690933346748352
images/train/20250305_142436.jpg,train,1.3305882215499878
images/train/20250305_142451.jpg,train,1.0964093208312988
images/train/20250305_142602.jpg,train,0.7941114902496338
images/train/20250305_142744.jpg,train,1.675579309463501
images/train/20250305_142815.jpg,train,0.7702920436859131
images/train/20250305_143002.jpg,train,1.0153425931930542
images/train/20250305_143025.jpg,train,0.8803699612617493
images/train/20250305_143042.jpg,train,1.33797287940979
images/train/20250305_143109.jpg,train,0.6947461366653442
images/train/20250305_143124.jpg,train,1.4606738090515137
images/train/20250305_143219.jpg,train,1.811048984527588
images/train/20250305_143234.jpg,train,1.0445410013198853
images/train/20250305_143243.jpg,train,0.6929331421852112
images/train/20250305_143255.jpg,train,0.8477141857147217
images/train/20250305_143305.jpg,train,0.7501639723777771
images/train/20250305_143314.jpg,train,0.9070953726768494
images/train/20250305_143414.jpg,train,1.761491060256958
images/train/20250305_143424.jpg,train,2.367652416229248
images/train/20250305_143919.jpg,train,0.5853484272956848
images/train/20250305_144025.jpg,train,0.7187467217445374
images/train/20250305_144032.jpg,train,1.163508653640747
images/train/20250305_144527.jpg,train,0.8967581987380981
images/train/20250305_150043.jpg,train,0.8484987616539001
images/train/20250305_150049.jpg,train,1.1003378629684448
images/train/20250305_150323.jpg,train,0.8858022689819336
images/train/20250305_150331.jpg,train,0.9497710466384888
images/train/20250305_150414.jpg,train,1.0704647302627563
images/train/20250305_150442.jpg,train,1.0384200811386108
images/train/20250305_150515.jpg,train,1.1347118616104126
images/train/20250305_150518.jpg,train,0.5763445496559143
images/train/20250305_151641.jpg,train,0.8071439862251282
images/train/20250305_153008.jpg,train,1.289539098739624
images/val/20250227_140905.jpg,val,0.749136745929718
images/val/20250227_143319.jpg,val,0.7524013519287109
images/val/20250227_170425.jpg,val,1.0223495960235596
images/val/20250227_170647.jpg,val,1.1758774518966675
images/val/20250227_170940.jpg,val,0.7251728177070618
images/val/20250227_171010.jpg,val,0.7941762804985046
images/val/20250227_171314.jpg,val,0.8170395493507385
images/val/20250227_172829.jpg,val,1.6030523777008057
images/val/20250227_174412.jpg,val,0.8947187066078186
images/val/20250227_174615.jpg,val,0.6342436671257019
images/val/20250227_180536.jpg,val,1.684524655342102
images/val/20250227_181003.jpg,val,1.164663314819336
images/val/20250227_183220.jpg,val,1.3207851648330688
images/val/20250227_183642.jpg,val,1.2886303663253784
images/val/20250227_184251.jpg,val,1.0722745656967163
images/val/20250227_184927.jpg,val,1.0055818557739258
images/val/20250227_191254.jpg,val,0.9943926334381104
images/val/20250227_191351.jpg,val,0.7487162947654724
images/val/20250305_021612.jpg,val,1.3484712839126587
images/val/20250305_023226.jpg,val,1.229308843612671
images/val/20250305_033147.jpg,val,0.9356134533882141
images/val/20250305_034430.jpg,val,0.7239420413970947
images/val/20250305_035737.jpg,val,0.5703327059745789
images/val/20250305_040158.jpg,val,0.5964953303337097
images/val/20250305_040311.jpg,val,0.9100494980812073
images/val/20250305_040423.jpg,val,0.8530827164649963
images/val/20250305_041332.jpg,val,0.7107114195823669
images/val/20250305_050340.jpg,val,0.9906937479972839
images/val/20250305_050343.jpg,val,0.9652172327041626
images/val/20250305_051245.jpg,val,1.3267818689346313
images/val/20250305_053826.jpg,val,0.8873491883277893
images/val/20250305_053907.jpg,val,1.0968643426895142
images/val/20250305_053943.jpg,val,0.8944273591041565
images/val/20250305_054230.jpg,val,1.0273475646972656
images/val/20250305_054517.jpg,val,1.03023099899292
images/val/20250305_054607.jpg,val,0.8865394592285156
images/val/20250305_055707.jpg,val,1.366783857345581
images/val/20250305_055923.jpg,val,1.1362183094024658
images/val/20250305_061011.jpg,val,1.1197545528411865
images/val/20250305_061138.jpg,val,0.9675880074501038
images/val/20250305_061329.jpg,val,0.8040266036987305
images/val/20250305_080238.jpg,val,0.4749140441417694
images/val/20250305_082316.jpg,val,0.577380359172821
images/val/20250305_083636.jpg,val,0.42642921209335327
images/val/20250305_094522.jpg,val,0.36091148853302
images/val/20250305_094634.jpg,val,0.3858819305896759
images/val/20250305_095114.jpg,val,0.5326799154281616
images/val/20250305_095818.jpg,val,0.4335208237171173
images/val/20250305_095853.jpg,val,0.4001186788082123
images/val/20250305_095954.jpg,val,0.4119119346141815
images/val/20250305_101118.jpg,val,0.5704424381256104
images/val/20250305_101122.jpg,val,0.5464031100273132
images/val/20250305_102157.jpg,val,0.4854762554168701
images/val/20250305_103303.jpg,val,1.0011818408966064
images/val/20250305_110407.jpg,val,0.8044432401657104
images/val/20250305_111246.jpg,val,0.41808047890663147
images/val/20250305_111305.jpg,val,0.5542293787002563
images/val/20250305_111532.jpg,val,0.7055297493934631
images/val/20250305_111611.jpg,val,0.2961839437484741
images/val/20250305_112342.jpg,val,0.6770137548446655
images/val/20250305_114836.jpg,val,0.3945424556732178
images/val/20250305_115026.jpg,val,0.4637446701526642
images/val/20250305_115048.jpg,val,0.4136086404323578
images/val/20250305_115546.jpg,val,0.8500471711158752
images/val/20250305_121309.jpg,val,0.40202414989471436
images/val/20250305_124414.jpg,val,0.570760190486908
images/val/20250305_124432.jpg,val,0.31293970346450806
images/val/20250305_124507.jpg,val,0.7131044268608093
images/val/20250305_124519.jpg,val,0.6543760299682617
images/val/20250305_124651.jpg,val,0.6622533798217773
images/val/20250305_124845.jpg,val,0.9299051761627197
images/val/20250305_124859.jpg,val,0.6220481991767883
images/val/20250305_124920.jpg,val,1.078679084777832
images/val/20250305_125029.jpg,val,1.1423319578170776
images/val/20250305_125432.jpg,val,1.0494356155395508
images/val/20250305_125440.jpg,val,0.4555682837963104
images/val/20250305_125815.jpg,val,0.27430784702301025
images/val/20250305_131930.jpg,val,1.019023060798645
images/val/20250305_132636.jpg,val,1.382024884223938
images/val/20250305_133552.jpg,val,0.7322864532470703
images/val/20250305_134250.jpg,val,0.49617040157318115
images/val/20250305_135157.jpg,val,0.8836990594863892
images/val/20250305_135325.jpg,val,1.4229145050048828
images/val/20250305_135341.jpg,val,1.8724470138549805
images/val/20250305_140447.jpg,val,0.36187973618507385
images/val/20250305_140842.jpg,val,1.1432124376296997
images/val/20250305_142529.jpg,val,1.1369105577468872
images/val/20250305_142551.jpg,val,1.024914264678955
images/val/20250305_142717.jpg,val,0.6657800674438477
images/val/20250305_143250.jpg,val,0.7367678880691528
images/val/20250305_143325.jpg,val,1.244964838027954
images/val/20250305_150021.jpg,val,0.6404421925544739
images/val/20250305_150132.jpg,val,1.8470600843429565
images/val/20250305_150419.jpg,val,1.1527475118637085
images/val/20250305_150506.jpg,val,1.9756022691726685
images/val/20250305_152851.jpg,val,1.7121710777282715
